Timestamp,pH,Temperature,Chlorine,Turbidity,TDS,Status
2026-04-01 00:00:00,7.66,27.5,1.82,1.22,387.5,WARNING
2026-04-01 00:00:30,7.44,26.7,1.95,1.12,380.0,WARNING
2026-04-01 00:01:00,7.48,27.2,1.95,5.52,385.1,CRITICAL
2026-04-01 00:01:30,7.54,27.4,1.82,1.51,429.0,WARNING
2026-04-01 00:02:00,7.42,27.5,1.86,0.91,364.1,SAFE
2026-04-01 00:02:30,7.53,27.1,1.79,0.88,402.0,SAFE
2026-04-01 00:03:00,7.34,28.5,1.88,1.02,416.8,WARNING
2026-04-01 00:03:30,7.6,26.8,1.72,0.96,445.3,SAFE
2026-04-01 00:04:00,7.42,26.2,1.89,1.12,398.4,WARNING
2026-04-01 00:04:30,7.64,27.0,1.89,0.99,408.4,SAFE
2026-04-01 00:05:00,7.5,26.9,1.91,1.31,414.1,WARNING
2026-04-01 00:05:30,7.66,26.9,1.75,0.97,352.0,SAFE
2026-04-01 00:06:00,7.46,27.6,1.56,1.11,413.2,WARNING
2026-04-01 00:06:30,7.57,26.0,1.9,1.14,408.0,WARNING
2026-04-01 00:07:00,7.51,26.7,1.85,1.35,400.3,WARNING
2026-04-01 00:07:30,7.51,27.2,1.64,1.41,404.7,WARNING
2026-04-01 00:08:00,7.65,26.9,1.95,1.02,411.8,WARNING
2026-04-01 00:08:30,7.66,26.7,1.95,0.78,402.3,SAFE
2026-04-01 00:09:00,7.52,26.6,1.77,1.27,409.7,WARNING
2026-04-01 00:09:30,7.61,27.1,1.57,1.06,397.6,WARNING
2026-04-01 00:10:00,7.65,28.0,1.77,1.19,434.3,WARNING
2026-04-01 00:10:30,7.75,27.8,1.66,1.09,412.3,WARNING
2026-04-01 00:11:00,7.65,28.4,1.64,1.08,376.4,WARNING
2026-04-01 00:11:30,7.68,26.3,1.75,1.36,380.3,WARNING
2026-04-01 00:12:00,7.58,26.4,1.57,1.08,342.7,WARNING
2026-04-01 00:12:30,7.59,27.1,1.85,0.9,407.0,SAFE
2026-04-01 00:13:00,7.6,26.8,1.75,1.14,396.9,WARNING
2026-04-01 00:13:30,7.64,27.1,1.74,1.62,374.5,WARNING
2026-04-01 00:14:00,7.36,27.9,1.45,0.86,389.8,SAFE
2026-04-01 00:14:30,7.49,27.0,1.66,1.03,395.3,WARNING
2026-04-01 00:15:00,7.55,27.4,1.78,1.11,411.1,WARNING
2026-04-01 00:15:30,7.58,26.6,1.88,1.04,392.1,WARNING
2026-04-01 00:16:00,7.54,27.6,1.85,1.16,375.0,WARNING
2026-04-01 00:16:30,7.7,27.5,1.79,0.77,431.9,SAFE
2026-04-01 00:17:00,7.56,26.6,2.05,0.75,371.0,SAFE
2026-04-01 00:17:30,7.44,28.1,2.12,1.3,396.0,WARNING
2026-04-01 00:18:00,7.78,27.0,2.21,1.24,400.1,WARNING
2026-04-01 00:18:30,7.65,27.1,1.96,0.78,407.7,SAFE
2026-04-01 00:19:00,7.73,28.2,1.86,1.21,401.8,WARNING
2026-04-01 00:19:30,7.82,27.7,2.1,1.07,412.8,WARNING
2026-04-01 00:20:00,7.42,27.4,1.92,1.15,384.4,WARNING
2026-04-01 00:20:30,7.57,26.5,1.79,1.22,361.6,WARNING
2026-04-01 00:21:00,7.63,28.3,2.03,1.14,385.1,WARNING
2026-04-01 00:21:30,7.92,27.3,2.02,1.04,401.5,WARNING
2026-04-01 00:22:00,7.63,27.3,2.35,1.1,410.8,WARNING
2026-04-01 00:22:30,7.73,27.0,2.23,0.75,419.5,SAFE
2026-04-01 00:23:00,7.64,26.6,2.26,1.13,407.9,WARNING
2026-04-01 00:23:30,7.75,27.8,2.19,0.8,395.5,SAFE
2026-04-01 00:24:00,7.68,27.7,2.21,5.9,419.2,CRITICAL
2026-04-01 00:24:30,7.62,27.2,2.3,1.12,387.4,WARNING
2026-04-01 00:25:00,7.64,27.0,2.22,1.01,391.4,WARNING
2026-04-01 00:25:30,7.71,27.3,1.91,1.31,366.9,WARNING
2026-04-01 00:26:00,7.76,27.4,2.23,1.32,421.1,WARNING
2026-04-01 00:26:30,7.62,26.9,1.86,1.02,425.7,WARNING
2026-04-01 00:27:00,7.61,28.1,2.19,1.05,376.5,WARNING
2026-04-01 00:27:30,7.47,26.7,2.08,1.3,392.4,WARNING
2026-04-01 00:28:00,7.73,27.3,2.11,3.88,400.0,WARNING
2026-04-01 00:28:30,7.69,27.5,2.66,1.0,384.7,SAFE
2026-04-01 00:29:00,7.6,27.6,2.23,5.72,389.2,CRITICAL
2026-04-01 00:29:30,7.74,26.7,2.47,1.0,409.3,SAFE
2026-04-01 00:30:00,7.51,27.4,2.55,1.46,389.4,WARNING
2026-04-01 00:30:30,7.71,27.6,2.49,1.07,380.7,WARNING
2026-04-01 00:31:00,7.58,26.6,2.32,1.46,410.6,WARNING
2026-04-01 00:31:30,7.3,26.8,2.2,1.01,417.5,WARNING
2026-04-01 00:32:00,7.83,27.7,2.42,1.03,415.3,WARNING
2026-04-01 00:32:30,7.69,27.5,2.44,1.32,420.0,WARNING
2026-04-01 00:33:00,7.71,28.0,2.3,1.13,382.9,WARNING
2026-04-01 00:33:30,7.68,27.6,2.39,1.14,397.6,WARNING
2026-04-01 00:34:00,7.71,26.6,2.42,1.54,402.0,WARNING
2026-04-01 00:34:30,7.69,27.1,2.32,1.23,400.4,WARNING
2026-04-01 00:35:00,7.65,27.1,2.47,0.9,360.5,SAFE
2026-04-01 00:35:30,7.58,27.8,2.32,0.99,404.2,SAFE
2026-04-01 00:36:00,7.62,28.1,2.2,1.48,372.1,WARNING
2026-04-01 00:36:30,7.68,27.3,2.42,1.15,385.4,WARNING
2026-04-01 00:37:00,7.7,26.7,2.36,1.09,372.1,WARNING
2026-04-01 00:37:30,7.7,28.2,2.21,0.86,425.5,SAFE
2026-04-01 00:38:00,7.72,27.3,2.28,1.2,405.9,WARNING
2026-04-01 00:38:30,7.51,27.7,2.26,1.14,410.8,WARNING
2026-04-01 00:39:00,7.74,27.3,2.09,1.47,381.9,WARNING
2026-04-01 00:39:30,7.43,27.4,2.26,1.02,358.9,WARNING
2026-04-01 00:40:00,7.34,27.1,1.92,1.26,404.1,WARNING
2026-04-01 00:40:30,7.58,27.6,2.05,1.1,373.5,WARNING
2026-04-01 00:41:00,7.66,28.1,2.08,1.11,379.1,WARNING
2026-04-01 00:41:30,7.54,27.4,2.08,0.91,391.0,SAFE
2026-04-01 00:42:00,7.63,28.3,1.98,1.22,402.2,WARNING
2026-04-01 00:42:30,7.74,27.0,2.1,1.28,409.4,WARNING
2026-04-01 00:43:00,7.5,27.9,2.22,1.15,404.7,WARNING
2026-04-01 00:43:30,7.51,28.5,2.03,0.98,387.0,SAFE
2026-04-01 00:44:00,7.58,27.2,2.06,0.99,456.0,SAFE
2026-04-01 00:44:30,7.44,27.4,2.07,5.8,408.0,CRITICAL
2026-04-01 00:45:00,7.55,27.2,2.1,1.08,387.0,WARNING
2026-04-01 00:45:30,7.4,28.2,1.7,3.27,417.6,WARNING
2026-04-01 00:46:00,7.47,28.3,2.06,1.1,364.0,WARNING
2026-04-01 00:46:30,7.59,27.1,1.91,1.4,424.3,WARNING
2026-04-01 00:47:00,7.55,27.1,1.94,1.16,403.1,WARNING
2026-04-01 00:47:30,7.33,27.3,1.84,1.26,339.7,WARNING
2026-04-01 00:48:00,7.32,28.0,1.77,3.66,370.8,WARNING
2026-04-01 00:48:30,7.44,28.0,1.86,4.48,371.0,WARNING
2026-04-01 00:49:00,7.43,27.9,1.56,1.02,379.9,WARNING
2026-04-01 00:49:30,7.56,27.7,1.97,1.18,405.3,WARNING
2026-04-01 00:50:00,7.49,28.0,1.73,1.07,397.6,WARNING
2026-04-01 00:50:30,7.45,27.1,1.61,1.12,356.7,WARNING
2026-04-01 00:51:00,7.49,27.9,1.9,0.53,379.3,SAFE
2026-04-01 00:51:30,7.36,27.7,1.84,0.98,435.0,SAFE
2026-04-01 00:52:00,7.47,27.4,1.87,1.2,396.1,WARNING
2026-04-01 00:52:30,7.53,28.5,1.78,1.33,420.4,WARNING
2026-04-01 00:53:00,7.32,27.8,1.98,0.88,416.8,SAFE
2026-04-01 00:53:30,7.46,27.4,1.95,1.06,416.0,WARNING
2026-04-01 00:54:00,7.3,28.1,1.82,1.25,422.5,WARNING
2026-04-01 00:54:30,7.42,27.4,1.58,0.89,367.9,SAFE
2026-04-01 00:55:00,7.32,28.3,1.59,0.67,370.8,SAFE
2026-04-01 00:55:30,7.42,27.2,1.64,0.97,441.7,SAFE
2026-04-01 00:56:00,7.36,28.0,1.38,1.56,373.5,WARNING
2026-04-01 00:56:30,7.53,26.7,1.49,1.38,408.0,WARNING
2026-04-01 00:57:00,7.47,27.8,1.88,1.16,392.9,WARNING
2026-04-01 00:57:30,7.37,27.8,1.64,0.91,374.6,SAFE
2026-04-01 00:58:00,7.51,27.6,1.93,0.79,384.6,SAFE
2026-04-01 00:58:30,7.35,26.7,1.78,1.13,370.0,WARNING
2026-04-01 00:59:00,7.39,27.2,1.58,4.64,401.2,WARNING
2026-04-01 00:59:30,7.37,28.2,1.77,4.92,397.5,WARNING
2026-04-01 01:00:00,7.28,27.2,1.65,1.46,391.2,WARNING
2026-04-01 01:00:30,7.42,27.9,1.77,1.05,421.6,WARNING
2026-04-01 01:01:00,7.37,27.2,1.77,1.53,407.2,WARNING
2026-04-01 01:01:30,7.3,27.2,1.98,1.11,393.7,WARNING
2026-04-01 01:02:00,7.55,28.0,1.85,0.83,403.0,SAFE
2026-04-01 01:02:30,7.37,27.6,1.84,1.44,385.6,WARNING
2026-04-01 01:03:00,7.49,27.8,1.92,1.06,374.7,WARNING
2026-04-01 01:03:30,7.26,27.2,1.97,1.15,365.6,WARNING
2026-04-01 01:04:00,7.4,27.7,1.72,1.18,410.6,WARNING
2026-04-01 01:04:30,7.28,28.5,2.3,1.22,398.2,WARNING
2026-04-01 01:05:00,7.21,27.8,2.09,0.82,428.4,SAFE
2026-04-01 01:05:30,7.43,27.4,1.9,0.89,390.4,SAFE
2026-04-01 01:06:00,7.31,28.2,2.45,1.18,386.1,WARNING
2026-04-01 01:06:30,7.35,27.8,2.22,0.95,370.1,SAFE
2026-04-01 01:07:00,7.34,26.7,1.98,0.67,413.4,SAFE
2026-04-01 01:07:30,7.32,27.6,2.17,1.12,394.7,WARNING
2026-04-01 01:08:00,7.26,28.1,2.23,1.17,386.5,WARNING
2026-04-01 01:08:30,7.17,27.5,2.15,1.11,396.5,WARNING
2026-04-01 01:09:00,7.33,28.2,2.22,1.27,383.7,WARNING
2026-04-01 01:09:30,7.03,27.9,2.25,0.98,392.9,WARNING
2026-04-01 01:10:00,7.33,27.6,2.24,1.2,338.9,WARNING
2026-04-01 01:10:30,7.3,27.8,2.15,1.41,421.1,WARNING
2026-04-01 01:11:00,7.42,27.5,2.3,3.76,384.4,WARNING
2026-04-01 01:11:30,7.23,27.5,2.32,0.8,414.9,SAFE
2026-04-01 01:12:00,7.5,27.9,2.15,1.06,369.4,WARNING
2026-04-01 01:12:30,7.15,27.5,2.04,1.28,411.9,WARNING
2026-04-01 01:13:00,7.25,27.6,2.26,1.1,385.8,WARNING
2026-04-01 01:13:30,7.12,27.8,2.35,0.91,396.1,WARNING
2026-04-01 01:14:00,7.48,26.7,2.15,1.1,393.2,WARNING
2026-04-01 01:14:30,7.13,28.5,2.09,1.16,400.8,WARNING
2026-04-01 01:15:00,7.16,28.2,2.09,1.02,439.8,WARNING
2026-04-01 01:15:30,7.34,27.4,2.38,0.98,400.1,SAFE
2026-04-01 01:16:00,7.28,27.1,2.34,1.45,389.4,WARNING
2026-04-01 01:16:30,7.13,27.8,2.18,1.24,419.8,WARNING
2026-04-01 01:17:00,7.23,27.4,2.36,0.96,416.6,SAFE
2026-04-01 01:17:30,7.13,27.3,2.54,1.16,378.2,WARNING
2026-04-01 01:18:00,7.39,28.0,2.22,5.51,425.8,CRITICAL
2026-04-01 01:18:30,7.35,28.6,2.38,1.03,379.9,WARNING
2026-04-01 01:19:00,7.08,27.2,2.59,0.88,387.0,WARNING
2026-04-01 01:19:30,7.3,27.5,2.24,1.28,385.0,WARNING
2026-04-01 01:20:00,7.31,27.6,2.22,1.43,414.5,WARNING
2026-04-01 01:20:30,7.18,28.1,2.32,1.19,383.7,WARNING
2026-04-01 01:21:00,7.34,27.4,2.41,1.11,442.7,WARNING
2026-04-01 01:21:30,7.1,28.2,2.22,1.26,404.3,WARNING
2026-04-01 01:22:00,7.35,28.4,2.17,0.86,413.3,SAFE
2026-04-01 01:22:30,7.42,27.3,2.1,1.44,404.6,WARNING
2026-04-01 01:23:00,7.34,27.1,2.33,0.98,367.7,SAFE
2026-04-01 01:23:30,7.25,27.2,2.0,1.45,388.7,WARNING
2026-04-01 01:24:00,7.39,27.8,1.89,0.75,420.0,SAFE
2026-04-01 01:24:30,7.32,27.4,1.96,0.99,400.4,SAFE
2026-04-01 01:25:00,7.51,28.5,2.37,1.35,384.2,WARNING
2026-04-01 01:25:30,7.31,28.2,2.24,1.07,387.6,WARNING
2026-04-01 01:26:00,7.41,28.1,2.03,1.4,388.1,WARNING
2026-04-01 01:26:30,7.23,27.3,1.98,1.41,409.3,WARNING
2026-04-01 01:27:00,7.51,27.2,2.16,1.22,419.6,WARNING
2026-04-01 01:27:30,7.45,27.6,1.66,1.01,374.3,WARNING
2026-04-01 01:28:00,7.15,27.8,1.98,1.08,417.4,WARNING
2026-04-01 01:28:30,7.3,27.7,1.97,0.87,339.3,SAFE
2026-04-01 01:29:00,7.52,27.8,2.14,1.01,403.8,WARNING
2026-04-01 01:29:30,7.39,27.2,1.79,1.09,392.6,WARNING
2026-04-01 01:30:00,7.27,27.3,1.82,1.18,390.6,WARNING
2026-04-01 01:30:30,7.3,28.6,1.84,0.62,414.4,SAFE
2026-04-01 01:31:00,7.33,28.2,1.83,1.21,394.5,WARNING
2026-04-01 01:31:30,7.46,27.5,1.67,3.65,408.0,WARNING
2026-04-01 01:32:00,7.61,27.1,1.81,1.18,382.0,WARNING
2026-04-01 01:32:30,7.4,27.4,1.95,1.05,399.8,WARNING
2026-04-01 01:33:00,7.56,28.0,1.76,0.94,405.4,SAFE
2026-04-01 01:33:30,7.15,28.3,1.61,0.96,398.2,WARNING
2026-04-01 01:34:00,7.4,28.5,1.65,1.09,383.8,WARNING
2026-04-01 01:34:30,7.35,27.4,1.6,0.82,398.6,SAFE
2026-04-01 01:35:00,7.46,27.6,1.79,1.1,414.4,WARNING
2026-04-01 01:35:30,7.39,27.8,2.21,1.31,406.8,WARNING
2026-04-01 01:36:00,7.36,28.5,1.46,1.15,434.2,WARNING
2026-04-01 01:36:30,7.38,28.4,1.92,0.86,399.1,SAFE
2026-04-01 01:37:00,7.5,28.3,1.86,1.02,390.0,WARNING
2026-04-01 01:37:30,7.34,27.6,1.8,0.96,400.8,SAFE
2026-04-01 01:38:00,7.47,27.9,1.82,1.11,375.5,WARNING
2026-04-01 01:38:30,7.43,28.1,1.89,1.11,391.4,WARNING
2026-04-01 01:39:00,7.48,28.7,1.63,1.22,400.1,WARNING
2026-04-01 01:39:30,7.36,28.5,1.93,1.07,422.8,WARNING
2026-04-01 01:40:00,7.24,27.8,1.7,1.3,413.5,WARNING
2026-04-01 01:40:30,7.45,28.1,1.73,0.97,356.1,SAFE
2026-04-01 01:41:00,7.61,28.2,1.57,1.35,404.8,WARNING
2026-04-01 01:41:30,7.4,27.8,1.86,1.34,374.3,WARNING
2026-04-01 01:42:00,7.55,27.7,1.75,1.26,399.2,WARNING
2026-04-01 01:42:30,7.4,28.8,1.74,1.31,370.4,WARNING
2026-04-01 01:43:00,7.57,28.2,1.68,1.27,410.2,WARNING
2026-04-01 01:43:30,7.5,28.8,1.73,1.13,418.7,WARNING
2026-04-01 01:44:00,7.51,28.0,1.87,0.92,403.4,SAFE
2026-04-01 01:44:30,7.6,28.0,1.85,1.14,403.1,WARNING
2026-04-01 01:45:00,7.48,28.3,2.04,1.03,404.1,WARNING
2026-04-01 01:45:30,7.51,28.8,1.91,0.73,390.8,SAFE
2026-04-01 01:46:00,7.62,27.1,2.14,0.93,415.7,SAFE
2026-04-01 01:46:30,7.54,28.8,1.98,1.12,387.4,WARNING
2026-04-01 01:47:00,7.56,27.5,2.08,1.34,416.2,WARNING
2026-04-01 01:47:30,7.58,28.2,2.2,0.74,383.0,SAFE
2026-04-01 01:48:00,7.53,28.6,2.2,1.15,429.0,WARNING
2026-04-01 01:48:30,7.73,28.6,2.2,0.91,397.3,SAFE
2026-04-01 01:49:00,7.34,27.8,2.18,1.13,397.6,WARNING
2026-04-01 01:49:30,7.52,28.8,2.16,1.02,352.6,WARNING
2026-04-01 01:50:00,7.38,27.8,2.22,0.86,398.4,SAFE
2026-04-01 01:50:30,7.56,27.2,2.06,1.2,451.3,WARNING
2026-04-01 01:51:00,7.58,28.1,2.08,1.07,390.3,WARNING
2026-04-01 01:51:30,7.71,27.5,2.21,1.03,383.7,WARNING
2026-04-01 01:52:00,7.42,27.3,2.35,1.07,365.1,WARNING
2026-04-01 01:52:30,7.56,28.4,2.27,1.13,384.4,WARNING
2026-04-01 01:53:00,7.65,27.6,2.13,0.66,392.5,SAFE
2026-04-01 01:53:30,7.61,27.5,2.28,1.21,393.4,WARNING
2026-04-01 01:54:00,7.74,28.6,2.46,0.76,410.9,SAFE
2026-04-01 01:54:30,7.72,28.1,2.34,1.12,381.8,WARNING
2026-04-01 01:55:00,7.57,27.1,2.71,1.01,399.9,WARNING
2026-04-01 01:55:30,7.76,27.5,2.18,1.2,413.6,WARNING
2026-04-01 01:56:00,7.56,28.9,2.18,0.89,424.6,SAFE
2026-04-01 01:56:30,7.67,27.8,2.37,0.74,382.9,SAFE
2026-04-01 01:57:00,7.76,27.1,2.57,1.26,374.9,WARNING
2026-04-01 01:57:30,7.54,27.8,2.3,0.91,388.1,SAFE
2026-04-01 01:58:00,7.63,28.0,2.12,1.35,363.1,WARNING
2026-04-01 01:58:30,7.75,27.6,2.57,1.48,387.5,WARNING
2026-04-01 01:59:00,7.54,28.0,2.33,4.16,374.8,WARNING
2026-04-01 01:59:30,7.48,27.8,2.27,1.24,390.0,WARNING
2026-04-01 02:00:00,7.7,28.6,2.3,1.2,407.3,WARNING
2026-04-01 02:00:30,7.68,27.0,2.13,1.23,406.7,WARNING
2026-04-01 02:01:00,7.61,27.1,2.18,0.98,371.5,SAFE
2026-04-01 02:01:30,7.67,27.6,2.36,0.89,401.5,SAFE
2026-04-01 02:02:00,7.57,29.0,1.9,5.69,418.7,CRITICAL
2026-04-01 02:02:30,7.54,29.0,2.34,1.1,385.4,WARNING
2026-04-01 02:03:00,7.69,27.3,2.29,1.46,402.9,WARNING
2026-04-01 02:03:30,7.69,27.8,2.18,1.08,373.3,WARNING
2026-04-01 02:04:00,7.71,28.0,2.26,1.31,378.6,WARNING
2026-04-01 02:04:30,7.61,27.7,2.41,1.65,391.3,WARNING
2026-04-01 02:05:00,7.63,28.6,2.24,4.01,420.0,WARNING
2026-04-01 02:05:30,7.65,27.9,2.31,1.24,400.6,WARNING
2026-04-01 02:06:00,7.63,28.0,2.31,1.3,388.5,WARNING
2026-04-01 02:06:30,7.78,27.7,2.04,1.3,407.0,WARNING
2026-04-01 02:07:00,7.72,28.4,2.0,1.19,410.7,WARNING
2026-04-01 02:07:30,7.72,28.6,2.15,1.1,379.1,WARNING
2026-04-01 02:08:00,7.59,28.0,1.96,1.08,398.9,WARNING
2026-04-01 02:08:30,7.67,28.0,2.13,1.11,380.4,WARNING
2026-04-01 02:09:00,7.76,28.4,1.77,0.95,414.2,SAFE
2026-04-01 02:09:30,7.65,27.8,2.1,1.05,356.7,WARNING
2026-04-01 02:10:00,7.53,28.4,1.98,1.16,379.6,WARNING
2026-04-01 02:10:30,7.66,28.2,2.1,1.47,421.5,WARNING
2026-04-01 02:11:00,7.61,28.2,2.05,0.91,401.5,SAFE
2026-04-01 02:11:30,7.54,28.8,1.92,1.1,361.4,WARNING
2026-04-01 02:12:00,7.61,27.7,1.81,1.14,384.2,WARNING
2026-04-01 02:12:30,7.74,28.1,1.71,1.27,379.4,WARNING
2026-04-01 02:13:00,7.61,27.8,1.65,0.94,417.3,SAFE
2026-04-01 02:13:30,7.62,27.8,1.98,1.18,394.7,WARNING
2026-04-01 02:14:00,7.58,28.2,1.45,1.08,407.2,WARNING
2026-04-01 02:14:30,7.65,27.7,1.81,1.12,400.7,WARNING
2026-04-01 02:15:00,7.6,27.8,1.88,1.35,404.9,WARNING
2026-04-01 02:15:30,7.34,28.0,1.78,1.0,372.3,SAFE
2026-04-01 02:16:00,7.61,27.9,1.7,1.4,388.8,WARNING
2026-04-01 02:16:30,7.58,28.4,2.07,1.24,375.3,WARNING
2026-04-01 02:17:00,7.7,27.3,1.81,0.93,418.2,SAFE
2026-04-01 02:17:30,7.76,27.4,1.63,1.04,408.8,WARNING
2026-04-01 02:18:00,7.59,27.9,1.74,0.91,366.2,SAFE
2026-04-01 02:18:30,7.58,27.6,1.34,1.59,412.4,WARNING
2026-04-01 02:19:00,7.57,28.1,1.74,1.21,417.8,WARNING
2026-04-01 02:19:30,7.6,27.8,1.96,3.43,400.6,WARNING
2026-04-01 02:20:00,7.51,28.6,1.41,1.16,400.0,WARNING
2026-04-01 02:20:30,7.6,28.2,1.77,0.65,378.0,SAFE
2026-04-01 02:21:00,7.56,27.9,1.63,0.95,393.2,SAFE
2026-04-01 02:21:30,7.57,29.0,1.78,3.08,384.4,WARNING
2026-04-01 02:22:00,7.53,28.0,1.95,1.22,403.3,WARNING
2026-04-01 02:22:30,7.43,28.0,2.0,0.94,371.6,SAFE
2026-04-01 02:23:00,7.6,28.0,1.92,1.09,375.0,WARNING
2026-04-01 02:23:30,7.55,28.1,1.88,1.51,396.9,WARNING
2026-04-01 02:24:00,7.51,28.1,1.77,1.38,385.5,WARNING
2026-04-01 02:24:30,7.52,28.1,1.63,1.02,408.5,WARNING
2026-04-01 02:25:00,7.58,27.4,2.14,0.83,400.0,SAFE
2026-04-01 02:25:30,7.58,28.2,1.76,1.19,397.1,WARNING
2026-04-01 02:26:00,7.57,27.9,2.14,1.07,424.6,WARNING
2026-04-01 02:26:30,7.54,28.8,1.7,1.04,396.7,WARNING
2026-04-01 02:27:00,7.57,27.6,2.04,1.02,393.7,WARNING
2026-04-01 02:27:30,7.5,27.8,1.85,1.03,383.8,WARNING
2026-04-01 02:28:00,7.48,28.6,1.85,1.37,401.7,WARNING
2026-04-01 02:28:30,7.5,28.3,2.05,0.97,412.6,SAFE
2026-04-01 02:29:00,7.57,27.2,1.81,1.25,366.2,WARNING
2026-04-01 02:29:30,7.5,28.2,1.98,1.13,408.4,WARNING
2026-04-01 02:30:00,7.31,29.2,2.27,1.13,412.3,WARNING
2026-04-01 02:30:30,7.6,28.1,1.99,0.82,396.5,SAFE
2026-04-01 02:31:00,7.49,27.6,2.21,1.02,397.0,WARNING
2026-04-01 02:31:30,7.58,28.6,2.04,1.35,375.3,WARNING
2026-04-01 02:32:00,7.56,28.6,1.85,1.17,410.6,WARNING
2026-04-01 02:32:30,7.36,26.9,1.99,1.24,373.8,WARNING
2026-04-01 02:33:00,7.48,28.6,1.9,0.97,414.0,SAFE
2026-04-01 02:33:30,7.38,28.5,2.01,0.99,425.2,SAFE
2026-04-01 02:34:00,7.52,29.1,2.21,0.94,406.4,SAFE
2026-04-01 02:34:30,7.47,28.0,2.23,1.24,366.7,WARNING
2026-04-01 02:35:00,7.31,28.8,2.18,1.16,350.6,WARNING
2026-04-01 02:35:30,7.51,28.3,2.4,1.15,406.7,WARNING
2026-04-01 02:36:00,7.44,28.6,2.39,0.98,370.8,SAFE
2026-04-01 02:36:30,7.49,27.6,2.42,1.1,410.1,WARNING
2026-04-01 02:37:00,7.34,27.7,2.39,1.28,395.5,WARNING
2026-04-01 02:37:30,7.46,28.5,2.15,1.21,397.7,WARNING
2026-04-01 02:38:00,7.31,28.3,2.41,1.19,401.6,WARNING
2026-04-01 02:38:30,7.27,29.0,2.27,1.01,379.5,WARNING
2026-04-01 02:39:00,7.32,28.6,2.48,1.23,419.0,WARNING
2026-04-01 02:39:30,7.36,29.2,2.23,0.9,369.7,SAFE
2026-04-01 02:40:00,7.46,27.5,2.24,1.41,382.7,WARNING
2026-04-01 02:40:30,7.53,28.7,2.23,1.07,385.8,WARNING
2026-04-01 02:41:00,7.39,28.4,2.5,1.4,427.2,WARNING
2026-04-01 02:41:30,7.31,28.0,2.25,1.17,395.8,WARNING
2026-04-01 02:42:00,7.26,28.3,2.29,0.92,383.9,SAFE
2026-04-01 02:42:30,7.22,29.1,2.07,1.09,367.8,WARNING
2026-04-01 02:43:00,7.22,27.8,2.35,1.12,395.1,WARNING
2026-04-01 02:43:30,7.34,28.4,2.19,0.85,413.3,SAFE
2026-04-01 02:44:00,7.2,28.7,2.42,1.41,409.9,WARNING
2026-04-01 02:44:30,7.29,27.5,2.33,1.31,420.1,WARNING
2026-04-01 02:45:00,7.3,28.2,2.05,1.21,394.6,WARNING
2026-04-01 02:45:30,7.26,28.6,2.32,1.1,393.3,WARNING
2026-04-01 02:46:00,7.26,28.4,2.23,1.27,430.3,WARNING
2026-04-01 02:46:30,7.3,28.1,2.22,0.85,410.6,SAFE
2026-04-01 02:47:00,7.32,28.1,2.26,1.06,382.8,WARNING
2026-04-01 02:47:30,7.46,27.9,2.15,0.99,401.5,SAFE
2026-04-01 02:48:00,7.33,28.6,2.19,1.25,425.1,WARNING
2026-04-01 02:48:30,7.3,28.7,2.41,1.24,392.6,WARNING
2026-04-01 02:49:00,7.52,28.9,2.02,0.83,418.9,SAFE
2026-04-01 02:49:30,7.49,28.7,2.0,0.98,431.1,SAFE
2026-04-01 02:50:00,7.2,29.3,2.01,1.28,383.0,WARNING
2026-04-01 02:50:30,7.36,28.3,2.07,1.01,425.6,WARNING
2026-04-01 02:51:00,7.36,27.7,2.01,1.05,407.6,WARNING
2026-04-01 02:51:30,7.29,27.8,2.05,1.04,384.5,WARNING
2026-04-01 02:52:00,7.19,27.8,2.45,1.35,417.7,WARNING
2026-04-01 02:52:30,7.2,28.1,2.14,1.08,403.3,WARNING
2026-04-01 02:53:00,7.05,28.4,1.93,0.94,368.7,WARNING
2026-04-01 02:53:30,7.31,28.4,2.07,1.19,408.9,WARNING
2026-04-01 02:54:00,7.16,29.4,1.99,0.92,376.0,WARNING
2026-04-01 02:54:30,7.28,28.7,2.16,0.96,371.6,SAFE
2026-04-01 02:55:00,7.24,28.3,2.25,1.19,393.8,WARNING
2026-04-01 02:55:30,7.2,28.1,1.76,4.54,425.0,WARNING
2026-04-01 02:56:00,7.04,29.0,2.01,1.32,344.0,WARNING
2026-04-01 02:56:30,7.3,28.4,1.97,1.16,378.4,WARNING
2026-04-01 02:57:00,7.19,28.2,1.88,0.94,413.9,WARNING
2026-04-01 02:57:30,7.27,28.3,1.58,1.1,381.5,WARNING
2026-04-01 02:58:00,7.37,29.4,1.62,1.27,402.4,WARNING
2026-04-01 02:58:30,7.31,29.3,1.83,0.69,393.0,SAFE
2026-04-01 02:59:00,7.42,28.3,1.81,1.05,380.8,WARNING
2026-04-01 02:59:30,7.4,28.4,1.69,1.05,415.6,WARNING
2026-04-01 03:00:00,7.28,28.6,1.78,0.99,420.8,SAFE
2026-04-01 03:00:30,7.09,28.2,1.83,0.85,367.3,WARNING
2026-04-01 03:01:00,7.22,28.3,2.0,1.05,409.8,WARNING
2026-04-01 03:01:30,7.26,27.8,1.73,1.16,427.0,WARNING
2026-04-01 03:02:00,7.33,29.1,1.84,1.23,405.0,WARNING
2026-04-01 03:02:30,7.43,28.0,1.84,1.14,394.4,WARNING
2026-04-01 03:03:00,7.32,28.6,1.82,1.39,400.6,WARNING
2026-04-01 03:03:30,7.19,28.9,1.8,0.91,415.4,WARNING
2026-04-01 03:04:00,7.2,28.1,1.63,0.97,397.1,SAFE
2026-04-01 03:04:30,7.21,28.9,1.98,1.33,408.7,WARNING
2026-04-01 03:05:00,7.2,28.9,1.77,1.09,373.3,WARNING
2026-04-01 03:05:30,7.37,28.0,1.63,0.8,409.1,SAFE
2026-04-01 03:06:00,7.37,29.0,1.89,1.26,402.0,WARNING
2026-04-01 03:06:30,7.22,28.2,1.5,1.04,406.6,WARNING
2026-04-01 03:07:00,7.33,28.2,1.62,1.34,390.2,WARNING
2026-04-01 03:07:30,7.36,28.8,1.87,0.96,399.3,SAFE
2026-04-01 03:08:00,7.25,29.0,1.89,3.89,394.8,WARNING
2026-04-01 03:08:30,7.46,28.2,1.76,1.32,370.5,WARNING
2026-04-01 03:09:00,7.47,28.8,1.93,1.32,416.1,WARNING
2026-04-01 03:09:30,7.51,28.6,2.15,5.73,386.9,CRITICAL
2026-04-01 03:10:00,7.3,27.8,2.02,1.14,404.1,WARNING
2026-04-01 03:10:30,7.42,27.4,2.06,1.09,383.7,WARNING
2026-04-01 03:11:00,7.48,29.1,2.04,1.07,436.0,WARNING
2026-04-01 03:11:30,7.47,28.5,2.17,1.19,376.3,WARNING
2026-04-01 03:12:00,7.41,27.9,1.93,1.47,390.1,WARNING
2026-04-01 03:12:30,7.53,28.6,2.14,0.91,458.0,SAFE
2026-04-01 03:13:00,7.35,27.9,1.79,1.21,431.9,WARNING
2026-04-01 03:13:30,7.34,29.3,2.04,0.94,393.8,SAFE
2026-04-01 03:14:00,7.42,28.9,2.13,1.27,409.4,WARNING
2026-04-01 03:14:30,7.49,28.1,2.01,3.25,413.2,WARNING
2026-04-01 03:15:00,7.45,28.5,2.05,5.52,392.7,CRITICAL
2026-04-01 03:15:30,7.4,28.1,1.91,0.77,387.5,SAFE
2026-04-01 03:16:00,7.52,28.2,2.01,0.95,381.4,SAFE
2026-04-01 03:16:30,7.38,27.8,2.21,1.03,403.4,WARNING
2026-04-01 03:17:00,7.39,28.9,1.92,1.08,389.6,WARNING
2026-04-01 03:17:30,7.46,28.6,2.62,0.82,412.4,SAFE
2026-04-01 03:18:00,7.44,28.1,1.95,1.03,394.4,WARNING
2026-04-01 03:18:30,7.62,28.2,2.2,1.33,410.4,WARNING
2026-04-01 03:19:00,7.54,28.3,2.45,5.8,373.1,CRITICAL
2026-04-01 03:19:30,7.63,28.3,2.27,1.35,395.5,WARNING
2026-04-01 03:20:00,7.43,29.0,2.04,0.92,386.9,SAFE
2026-04-01 03:20:30,7.5,28.7,2.11,1.55,393.6,WARNING
2026-04-01 03:21:00,7.33,28.7,2.53,0.87,370.9,SAFE
2026-04-01 03:21:30,7.4,28.7,2.21,1.0,413.4,SAFE
2026-04-01 03:22:00,7.52,28.0,2.51,1.0,399.1,SAFE
2026-04-01 03:22:30,7.54,28.1,2.4,0.89,410.4,SAFE
2026-04-01 03:23:00,7.48,28.7,2.21,0.93,402.7,SAFE
2026-04-01 03:23:30,7.65,28.7,2.44,0.69,385.1,SAFE
2026-04-01 03:24:00,7.43,28.5,2.19,0.97,395.4,SAFE
2026-04-01 03:24:30,7.68,29.0,2.3,0.56,386.8,SAFE
2026-04-01 03:25:00,7.67,28.3,2.27,1.18,384.8,WARNING
2026-04-01 03:25:30,7.78,28.0,2.35,1.21,475.3,WARNING
2026-04-01 03:26:00,7.71,27.5,2.27,1.16,365.7,WARNING
2026-04-01 03:26:30,7.57,28.4,2.17,1.02,374.2,WARNING
2026-04-01 03:27:00,7.68,28.3,2.21,1.18,411.9,WARNING
2026-04-01 03:27:30,7.63,28.0,2.3,1.13,422.7,WARNING
2026-04-01 03:28:00,7.64,28.2,2.24,5.1,394.5,CRITICAL
2026-04-01 03:28:30,7.73,28.7,2.41,1.17,407.5,WARNING
2026-04-01 03:29:00,7.48,28.1,2.39,1.31,384.7,WARNING
2026-04-01 03:29:30,7.42,28.4,2.17,1.01,373.7,WARNING
2026-04-01 03:30:00,7.62,28.0,2.2,1.2,393.0,WARNING
2026-04-01 03:30:30,7.71,27.7,2.31,1.28,400.1,WARNING
2026-04-01 03:31:00,7.67,28.8,2.27,0.88,415.4,SAFE
2026-04-01 03:31:30,7.71,28.4,1.99,1.01,386.9,WARNING
2026-04-01 03:32:00,7.42,28.1,2.17,1.45,358.5,WARNING
2026-04-01 03:32:30,7.47,28.5,2.41,1.13,376.6,WARNING
2026-04-01 03:33:00,7.69,28.4,2.22,1.36,402.1,WARNING
2026-04-01 03:33:30,7.69,29.2,2.11,1.2,406.9,WARNING
2026-04-01 03:34:00,7.53,28.7,1.89,3.73,399.8,WARNING
2026-04-01 03:34:30,7.67,28.2,2.33,1.16,372.0,WARNING
2026-04-01 03:35:00,7.61,28.7,1.71,0.93,399.4,SAFE
2026-04-01 03:35:30,7.48,28.4,1.94,1.2,365.8,WARNING
2026-04-01 03:36:00,7.59,29.1,1.94,1.37,419.9,WARNING
2026-04-01 03:36:30,7.53,28.3,1.84,0.8,340.1,SAFE
2026-04-01 03:37:00,7.7,28.4,2.1,1.01,380.9,WARNING
2026-04-01 03:37:30,7.69,27.5,1.87,1.14,405.8,WARNING
2026-04-01 03:38:00,7.65,28.3,1.5,0.97,400.0,SAFE
2026-04-01 03:38:30,7.82,28.6,1.93,0.91,392.7,WARNING
2026-04-01 03:39:00,7.67,28.9,1.75,1.15,353.1,WARNING
2026-04-01 03:39:30,7.7,29.2,1.89,0.83,382.6,SAFE
2026-04-01 03:40:00,7.58,28.5,2.07,0.93,393.5,SAFE
2026-04-01 03:40:30,7.62,28.3,1.74,1.09,386.2,WARNING
2026-04-01 03:41:00,7.69,27.9,2.05,3.77,401.3,WARNING
2026-04-01 03:41:30,7.54,29.0,2.03,1.5,403.8,WARNING
2026-04-01 03:42:00,7.61,29.4,1.72,1.16,420.8,WARNING
2026-04-01 03:42:30,7.47,28.7,1.58,1.24,387.3,WARNING
2026-04-01 03:43:00,7.4,29.8,1.85,0.75,394.9,SAFE
2026-04-01 03:43:30,7.58,28.8,1.93,1.37,387.3,WARNING
2026-04-01 03:44:00,7.63,28.7,1.93,1.32,370.9,WARNING
2026-04-01 03:44:30,7.71,28.9,1.45,1.04,390.0,WARNING
2026-04-01 03:45:00,7.62,29.4,1.61,1.06,417.8,WARNING
2026-04-01 03:45:30,7.62,29.5,1.64,1.03,386.7,WARNING
2026-04-01 03:46:00,7.66,28.3,1.75,1.0,398.3,SAFE
2026-04-01 03:46:30,7.66,28.4,1.73,1.17,395.3,WARNING
2026-04-01 03:47:00,7.7,27.8,1.59,1.29,413.7,WARNING
2026-04-01 03:47:30,7.66,27.6,1.66,0.99,409.9,SAFE
2026-04-01 03:48:00,7.61,29.0,1.46,0.98,338.7,SAFE
2026-04-01 03:48:30,7.56,28.5,1.53,1.16,373.1,WARNING
2026-04-01 03:49:00,7.73,29.0,1.76,1.07,373.7,WARNING
2026-04-01 03:49:30,7.62,27.8,1.82,1.42,379.6,WARNING
2026-04-01 03:50:00,7.55,28.9,1.89,1.04,376.8,WARNING
2026-04-01 03:50:30,7.51,28.3,1.75,1.21,416.3,WARNING
2026-04-01 03:51:00,7.77,28.5,1.91,0.97,372.9,SAFE
2026-04-01 03:51:30,7.74,29.1,2.13,1.05,360.3,WARNING
2026-04-01 03:52:00,7.83,28.0,1.6,0.95,389.4,WARNING
2026-04-01 03:52:30,7.67,28.9,1.96,1.4,402.7,WARNING
2026-04-01 03:53:00,7.57,29.0,2.0,1.03,414.8,WARNING
2026-04-01 03:53:30,7.76,28.9,1.76,1.43,415.1,WARNING
2026-04-01 03:54:00,7.82,27.8,2.1,0.95,375.8,WARNING
2026-04-01 03:54:30,7.77,29.1,2.08,1.32,403.3,WARNING
2026-04-01 03:55:00,7.42,28.5,1.97,1.21,375.4,WARNING
2026-04-01 03:55:30,7.5,29.6,2.05,1.15,398.3,WARNING
2026-04-01 03:56:00,7.82,29.5,1.93,1.11,363.4,WARNING
2026-04-01 03:56:30,7.6,29.2,2.18,0.91,417.5,SAFE
2026-04-01 03:57:00,7.64,29.6,2.11,1.14,404.2,WARNING
2026-04-01 03:57:30,7.52,28.8,2.0,1.35,431.5,WARNING
2026-04-01 03:58:00,7.48,29.3,1.84,1.25,401.4,WARNING
2026-04-01 03:58:30,7.58,29.0,2.02,1.03,402.3,WARNING
2026-04-01 03:59:00,7.52,28.0,2.17,1.05,398.4,WARNING
2026-04-01 03:59:30,7.51,29.0,2.19,1.39,365.0,WARNING
2026-04-01 04:00:00,7.53,28.0,2.17,0.98,425.2,SAFE
2026-04-01 04:00:30,7.71,27.5,2.28,0.94,364.2,SAFE
2026-04-01 04:01:00,7.69,29.3,2.12,1.03,401.1,WARNING
2026-04-01 04:01:30,7.68,28.2,2.42,1.11,418.5,WARNING
2026-04-01 04:02:00,7.71,29.1,2.2,0.76,389.6,SAFE
2026-04-01 04:02:30,7.55,28.9,2.14,0.93,398.5,SAFE
2026-04-01 04:03:00,7.78,29.3,2.39,0.85,396.8,SAFE
2026-04-01 04:03:30,7.44,28.4,2.43,1.27,401.6,WARNING
2026-04-01 04:04:00,7.67,28.9,2.19,1.38,369.5,WARNING
2026-04-01 04:04:30,7.59,28.6,2.59,1.03,393.7,WARNING
2026-04-01 04:05:00,7.63,29.1,2.51,0.87,391.1,SAFE
2026-04-01 04:05:30,7.59,29.5,2.31,1.15,377.2,WARNING
2026-04-01 04:06:00,7.55,28.7,2.3,1.01,406.0,WARNING
2026-04-01 04:06:30,7.4,28.2,2.08,1.06,416.0,WARNING
2026-04-01 04:07:00,7.39,29.5,2.63,0.95,404.8,SAFE
2026-04-01 04:07:30,7.49,28.8,2.15,0.75,426.6,SAFE
2026-04-01 04:08:00,7.46,28.3,2.16,1.03,440.1,WARNING
2026-04-01 04:08:30,7.51,29.3,2.47,1.14,424.6,WARNING
2026-04-01 04:09:00,7.4,28.8,2.28,1.27,395.3,WARNING
2026-04-01 04:09:30,7.67,28.7,2.09,1.35,403.2,WARNING
2026-04-01 04:10:00,7.39,28.7,2.46,1.19,400.7,WARNING
2026-04-01 04:10:30,7.51,28.7,1.9,1.14,406.3,WARNING
2026-04-01 04:11:00,7.45,29.4,2.18,1.27,436.6,WARNING
2026-04-01 04:11:30,7.39,28.3,2.23,1.06,413.0,WARNING
2026-04-01 04:12:00,7.3,28.6,2.29,1.35,401.9,WARNING
2026-04-01 04:12:30,7.48,29.4,2.39,0.8,431.8,SAFE
2026-04-01 04:13:00,7.49,28.8,2.0,1.21,371.1,WARNING
2026-04-01 04:13:30,7.44,28.9,2.09,0.8,399.5,SAFE
2026-04-01 04:14:00,7.44,28.5,1.98,1.06,387.3,WARNING
2026-04-01 04:14:30,7.4,28.1,2.06,0.63,390.0,SAFE
2026-04-01 04:15:00,7.43,28.7,2.02,1.11,430.7,WARNING
2026-04-01 04:15:30,7.42,29.7,2.26,3.29,370.1,WARNING
2026-04-01 04:16:00,7.41,28.6,2.01,1.06,364.1,WARNING
2026-04-01 04:16:30,7.42,28.8,2.08,1.3,354.7,WARNING
2026-04-01 04:17:00,7.52,29.3,1.99,0.58,399.0,SAFE
2026-04-01 04:17:30,7.29,29.0,2.19,1.04,392.6,WARNING
2026-04-01 04:18:00,7.32,29.0,2.07,1.49,378.9,WARNING
2026-04-01 04:18:30,7.42,28.1,1.92,1.01,369.4,WARNING
2026-04-01 04:19:00,7.36,28.9,2.03,1.0,385.7,SAFE
2026-04-01 04:19:30,7.48,29.6,1.97,0.95,405.3,SAFE
2026-04-01 04:20:00,7.13,29.4,1.99,3.01,377.5,WARNING
2026-04-01 04:20:30,7.29,29.6,1.71,0.58,386.4,SAFE
2026-04-01 04:21:00,7.17,29.3,1.69,1.16,438.7,WARNING
2026-04-01 04:21:30,7.4,29.6,1.73,1.35,384.3,WARNING
2026-04-01 04:22:00,7.38,28.0,1.93,1.46,410.6,WARNING
2026-04-01 04:22:30,7.22,29.5,1.81,1.47,367.3,WARNING
2026-04-01 04:23:00,7.33,27.9,1.8,1.06,409.6,WARNING
2026-04-01 04:23:30,7.31,28.8,1.6,1.28,439.2,WARNING
2026-04-01 04:24:00,7.06,29.1,1.77,1.12,401.4,WARNING
2026-04-01 04:24:30,7.33,29.3,1.9,1.42,388.1,WARNING
2026-04-01 04:25:00,7.39,28.9,1.67,0.95,380.5,SAFE
2026-04-01 04:25:30,7.52,28.3,1.95,0.96,400.8,SAFE
2026-04-01 04:26:00,7.31,28.0,1.64,0.79,418.2,SAFE
2026-04-01 04:26:30,7.53,29.1,1.52,1.2,400.8,WARNING
2026-04-01 04:27:00,7.26,29.1,1.69,1.2,437.8,WARNING
2026-04-01 04:27:30,7.37,28.8,1.61,0.94,363.0,SAFE
2026-04-01 04:28:00,7.31,29.1,1.88,0.97,377.1,SAFE
2026-04-01 04:28:30,7.4,28.7,1.87,1.11,367.6,WARNING
2026-04-01 04:29:00,7.1,28.5,1.93,1.26,366.0,WARNING
2026-04-01 04:29:30,7.34,28.5,1.65,1.37,383.0,WARNING
2026-04-01 04:30:00,7.16,28.1,1.74,0.96,380.6,WARNING
2026-04-01 04:30:30,7.3,28.3,1.79,0.99,405.3,SAFE
2026-04-01 04:31:00,7.29,29.0,1.59,1.35,400.0,WARNING
2026-04-01 04:31:30,7.24,29.9,1.66,1.08,403.6,WARNING
2026-04-01 04:32:00,7.35,29.4,1.91,1.02,417.4,WARNING
2026-04-01 04:32:30,7.16,29.3,1.92,1.06,433.0,WARNING
2026-04-01 04:33:00,7.38,28.6,1.86,1.04,408.9,WARNING
2026-04-01 04:33:30,7.52,28.4,1.87,1.18,404.4,WARNING
2026-04-01 04:34:00,7.3,28.5,1.92,1.29,414.3,WARNING
2026-04-01 04:34:30,7.21,28.7,1.91,1.12,400.6,WARNING
2026-04-01 04:35:00,7.35,28.1,2.03,0.96,405.3,SAFE
2026-04-01 04:35:30,7.13,28.8,1.7,0.56,415.7,WARNING
2026-04-01 04:36:00,7.37,28.8,1.75,3.86,401.1,WARNING
2026-04-01 04:36:30,7.11,28.5,2.2,0.98,408.5,WARNING
2026-04-01 04:37:00,7.38,29.1,1.78,0.64,398.5,SAFE
2026-04-01 04:37:30,7.36,29.7,1.73,4.37,409.2,WARNING
2026-04-01 04:38:00,7.23,28.1,2.08,1.24,403.3,WARNING
2026-04-01 04:38:30,7.17,28.9,2.0,0.86,367.0,WARNING
2026-04-01 04:39:00,7.36,29.6,2.04,1.01,383.0,WARNING
2026-04-01 04:39:30,7.29,27.9,2.38,1.06,426.9,WARNING
2026-04-01 04:40:00,7.31,28.8,2.13,5.35,402.6,CRITICAL
2026-04-01 04:40:30,7.14,28.6,2.04,1.31,386.9,WARNING
2026-04-01 04:41:00,7.21,28.4,1.87,1.2,415.2,WARNING
2026-04-01 04:41:30,7.28,28.7,2.29,1.08,390.3,WARNING
2026-04-01 04:42:00,7.17,28.3,2.25,1.0,379.0,WARNING
2026-04-01 04:42:30,7.34,29.0,2.13,1.22,388.6,WARNING
2026-04-01 04:43:00,7.27,29.0,2.21,1.04,384.1,WARNING
2026-04-01 04:43:30,7.21,28.4,2.01,0.86,400.0,SAFE
2026-04-01 04:44:00,7.35,28.4,2.25,0.71,412.6,SAFE
2026-04-01 04:44:30,7.32,29.5,2.08,0.85,361.0,SAFE
2026-04-01 04:45:00,7.29,28.7,2.22,0.87,404.9,SAFE
2026-04-01 04:45:30,7.44,28.6,2.2,0.87,406.6,SAFE
2026-04-01 04:46:00,7.36,29.4,2.27,1.0,368.8,SAFE
2026-04-01 04:46:30,7.35,29.5,2.14,0.91,390.6,SAFE
2026-04-01 04:47:00,7.25,28.5,2.46,0.83,377.1,SAFE
2026-04-01 04:47:30,7.28,29.6,2.4,1.0,406.7,SAFE
2026-04-01 04:48:00,7.22,29.5,2.27,1.08,384.8,WARNING
2026-04-01 04:48:30,7.28,28.2,2.29,1.1,392.5,WARNING
2026-04-01 04:49:00,7.27,28.7,2.38,1.44,427.7,WARNING
2026-04-01 04:49:30,7.3,30.1,2.27,0.89,367.3,WARNING
2026-04-01 04:50:00,7.47,28.5,2.47,1.15,392.0,WARNING
2026-04-01 04:50:30,7.43,28.0,2.2,0.74,379.0,SAFE
2026-04-01 04:51:00,7.42,28.8,1.99,1.07,427.1,WARNING
2026-04-01 04:51:30,7.31,29.1,2.48,1.03,416.9,WARNING
2026-04-01 04:52:00,7.44,29.6,2.37,1.18,394.4,WARNING
2026-04-01 04:52:30,7.32,28.6,2.59,1.37,368.7,WARNING
2026-04-01 04:53:00,7.31,29.2,2.08,1.15,394.5,WARNING
2026-04-01 04:53:30,7.3,29.7,1.89,1.48,401.3,WARNING
2026-04-01 04:54:00,7.23,28.7,2.22,1.04,411.9,WARNING
2026-04-01 04:54:30,7.42,28.3,2.43,1.24,427.4,WARNING
2026-04-01 04:55:00,7.48,29.3,2.24,1.18,385.4,WARNING
2026-04-01 04:55:30,7.51,29.0,2.13,0.99,349.0,SAFE
2026-04-01 04:56:00,7.51,28.7,2.28,1.19,372.7,WARNING
2026-04-01 04:56:30,7.46,28.8,2.46,0.99,384.6,SAFE
2026-04-01 04:57:00,7.41,28.8,2.33,1.14,408.6,WARNING
2026-04-01 04:57:30,7.47,28.8,2.17,0.98,404.1,SAFE
2026-04-01 04:58:00,7.25,29.0,2.42,1.36,426.0,WARNING
2026-04-01 04:58:30,7.46,28.1,2.12,1.22,375.9,WARNING
2026-04-01 04:59:00,7.62,29.6,2.55,0.88,368.6,SAFE
2026-04-01 04:59:30,7.41,28.9,2.13,1.49,381.4,WARNING
2026-04-01 05:00:00,7.42,28.0,1.74,1.26,396.9,WARNING
2026-04-01 05:00:30,7.59,29.3,1.88,0.69,390.4,SAFE
2026-04-01 05:01:00,7.52,29.7,1.86,4.65,369.5,WARNING
2026-04-01 05:01:30,7.22,29.2,1.87,0.96,384.7,SAFE
2026-04-01 05:02:00,7.5,29.7,1.96,0.97,395.3,SAFE
2026-04-01 05:02:30,7.45,28.6,2.03,1.09,385.8,WARNING
2026-04-01 05:03:00,7.69,29.7,1.72,0.88,381.2,SAFE
2026-04-01 05:03:30,7.67,28.8,2.01,0.96,439.8,SAFE
2026-04-01 05:04:00,7.51,29.7,1.72,0.87,396.4,SAFE
2026-04-01 05:04:30,7.54,28.6,1.96,0.95,372.3,SAFE
2026-04-01 05:05:00,7.64,29.0,1.69,1.11,394.8,WARNING
2026-04-01 05:05:30,7.46,29.1,1.84,1.13,411.0,WARNING
2026-04-01 05:06:00,7.44,29.0,1.73,1.39,411.9,WARNING
2026-04-01 05:06:30,7.45,29.0,1.84,1.26,419.4,WARNING
2026-04-01 05:07:00,7.5,28.4,1.75,1.43,387.9,WARNING
2026-04-01 05:07:30,7.52,29.0,1.46,1.05,389.6,WARNING
2026-04-01 05:08:00,7.71,28.7,1.7,1.12,423.1,WARNING
2026-04-01 05:08:30,7.66,28.8,1.76,1.07,400.1,WARNING
2026-04-01 05:09:00,7.62,29.0,1.83,1.07,421.6,WARNING
2026-04-01 05:09:30,7.64,28.4,1.65,1.07,384.4,WARNING
2026-04-01 05:10:00,7.48,28.4,1.92,1.01,392.8,WARNING
2026-04-01 05:10:30,7.71,29.0,1.62,0.89,439.2,SAFE
2026-04-01 05:11:00,7.67,28.5,1.71,1.04,387.8,WARNING
2026-04-01 05:11:30,7.54,28.4,1.71,1.44,416.9,WARNING
2026-04-01 05:12:00,7.54,29.8,1.76,0.58,418.3,SAFE
2026-04-01 05:12:30,7.6,29.5,1.68,4.55,396.9,WARNING
2026-04-01 05:13:00,7.78,29.2,1.81,1.17,349.7,WARNING
2026-04-01 05:13:30,7.54,28.7,1.75,1.3,392.5,WARNING
2026-04-01 05:14:00,7.57,29.2,1.67,4.66,391.5,WARNING
2026-04-01 05:14:30,7.58,28.0,1.9,1.03,382.4,WARNING
2026-04-01 05:15:00,7.78,28.8,1.7,1.01,393.4,WARNING
2026-04-01 05:15:30,7.63,29.2,1.85,1.09,416.4,WARNING
2026-04-01 05:16:00,7.74,28.4,1.8,0.88,388.5,SAFE
2026-04-01 05:16:30,7.68,28.9,1.87,0.76,449.6,SAFE
2026-04-01 05:17:00,7.62,29.4,1.8,1.25,336.7,WARNING
2026-04-01 05:17:30,7.67,29.2,1.71,0.97,365.4,SAFE
2026-04-01 05:18:00,7.66,28.5,1.86,0.87,379.7,SAFE
2026-04-01 05:18:30,7.63,28.4,1.83,6.1,359.7,CRITICAL
2026-04-01 05:19:00,7.71,28.9,2.21,1.01,436.6,WARNING
2026-04-01 05:19:30,7.54,30.1,1.9,6.17,396.1,CRITICAL
2026-04-01 05:20:00,7.51,29.0,1.99,5.33,422.6,CRITICAL
2026-04-01 05:20:30,7.62,28.6,1.82,1.39,389.9,WARNING
2026-04-01 05:21:00,7.65,29.7,1.74,1.28,381.7,WARNING
2026-04-01 05:21:30,7.49,28.6,2.04,1.14,440.8,WARNING
2026-04-01 05:22:00,7.66,29.2,2.22,1.15,418.0,WARNING
2026-04-01 05:22:30,7.83,29.0,2.17,1.09,379.1,WARNING
2026-04-01 05:23:00,7.64,29.4,2.21,4.38,402.7,WARNING
2026-04-01 05:23:30,7.56,27.9,2.26,0.79,372.4,SAFE
2026-04-01 05:24:00,7.47,28.9,1.99,0.99,395.5,SAFE
2026-04-01 05:24:30,7.88,29.1,1.94,4.06,416.3,WARNING
2026-04-01 05:25:00,7.69,28.5,2.11,1.14,380.4,WARNING
2026-04-01 05:25:30,7.65,29.3,2.38,1.35,366.3,WARNING
2026-04-01 05:26:00,7.68,28.4,2.07,0.95,429.9,SAFE
2026-04-01 05:26:30,7.61,28.6,2.05,0.98,411.5,SAFE
2026-04-01 05:27:00,7.62,28.8,2.26,0.76,398.9,SAFE
2026-04-01 05:27:30,7.81,29.0,2.11,1.14,390.1,WARNING
2026-04-01 05:28:00,7.65,28.9,2.46,0.89,415.6,SAFE
2026-04-01 05:28:30,7.62,28.6,2.02,1.24,373.8,WARNING
2026-04-01 05:29:00,7.68,29.3,2.37,0.98,392.9,SAFE
2026-04-01 05:29:30,7.75,28.1,2.04,1.5,417.4,WARNING
2026-04-01 05:30:00,7.66,28.6,2.31,0.79,397.2,SAFE
2026-04-01 05:30:30,7.54,28.3,2.2,1.19,411.2,WARNING
2026-04-01 05:31:00,7.62,29.0,2.42,1.24,417.6,WARNING
2026-04-01 05:31:30,7.84,29.2,2.48,1.0,397.5,WARNING
2026-04-01 05:32:00,7.67,28.6,2.07,1.0,404.9,SAFE
2026-04-01 05:32:30,7.6,28.6,2.4,0.63,437.7,SAFE
2026-04-01 05:33:00,7.57,29.1,2.35,1.14,388.7,WARNING
2026-04-01 05:33:30,7.7,28.6,2.3,1.21,413.3,WARNING
2026-04-01 05:34:00,7.58,29.1,2.45,0.83,403.3,SAFE
2026-04-01 05:34:30,7.71,28.9,2.39,6.3,423.3,CRITICAL
2026-04-01 05:35:00,7.54,29.1,2.23,1.09,407.7,WARNING
2026-04-01 05:35:30,7.56,29.4,2.29,1.26,395.8,WARNING
2026-04-01 05:36:00,7.73,28.2,2.17,4.19,353.1,WARNING
2026-04-01 05:36:30,7.73,28.8,2.46,0.93,374.2,SAFE
2026-04-01 05:37:00,7.53,29.1,2.27,1.01,394.4,WARNING
2026-04-01 05:37:30,7.53,29.4,2.23,0.99,410.8,SAFE
2026-04-01 05:38:00,7.58,29.5,2.18,1.21,392.6,WARNING
2026-04-01 05:38:30,7.66,29.5,1.91,1.2,426.8,WARNING
2026-04-01 05:39:00,7.55,28.7,2.37,1.16,398.8,WARNING
2026-04-01 05:39:30,7.54,28.6,2.32,0.8,410.1,SAFE
2026-04-01 05:40:00,7.77,29.5,2.28,1.34,379.5,WARNING
2026-04-01 05:40:30,7.62,28.8,2.01,1.13,404.6,WARNING
2026-04-01 05:41:00,7.7,29.1,2.31,1.21,409.6,WARNING
2026-04-01 05:41:30,7.66,29.2,1.89,0.87,402.6,SAFE
2026-04-01 05:42:00,7.62,28.5,2.06,0.79,387.7,SAFE
2026-04-01 05:42:30,7.56,28.8,2.29,1.18,377.7,WARNING
2026-04-01 05:43:00,7.51,28.7,2.15,1.44,386.7,WARNING
2026-04-01 05:43:30,7.57,28.0,2.0,0.91,369.8,SAFE
2026-04-01 05:44:00,7.58,28.2,1.95,1.18,402.7,WARNING
2026-04-01 05:44:30,7.53,28.6,2.03,0.87,418.0,SAFE
2026-04-01 05:45:00,7.44,28.7,1.91,0.92,374.0,SAFE
2026-04-01 05:45:30,7.66,29.2,1.73,1.34,419.8,WARNING
2026-04-01 05:46:00,7.59,28.3,1.89,1.0,421.2,SAFE
2026-04-01 05:46:30,7.62,29.1,2.06,5.84,412.8,CRITICAL
2026-04-01 05:47:00,7.52,28.9,1.88,1.12,376.1,WARNING
2026-04-01 05:47:30,7.32,29.9,1.75,1.13,394.6,WARNING
2026-04-01 05:48:00,7.58,28.5,1.81,1.06,424.7,WARNING
2026-04-01 05:48:30,7.57,29.4,1.67,1.4,368.4,WARNING
2026-04-01 05:49:00,7.45,29.1,1.9,0.86,379.0,SAFE
2026-04-01 05:49:30,7.55,29.1,1.7,3.91,372.3,WARNING
2026-04-01 05:50:00,7.47,29.7,1.68,1.05,387.9,WARNING
2026-04-01 05:50:30,7.44,29.5,1.66,4.76,390.9,WARNING
2026-04-01 05:51:00,7.44,28.8,1.86,1.13,393.1,WARNING
2026-04-01 05:51:30,7.55,29.5,1.88,1.38,369.3,WARNING
2026-04-01 05:52:00,7.38,28.9,1.76,1.11,391.3,WARNING
2026-04-01 05:52:30,7.48,29.6,1.93,1.45,367.3,WARNING
2026-04-01 05:53:00,7.61,28.4,1.62,0.97,398.2,SAFE
2026-04-01 05:53:30,7.57,27.9,1.66,0.87,442.4,SAFE
2026-04-01 05:54:00,7.42,28.8,1.98,0.99,379.1,SAFE
2026-04-01 05:54:30,7.45,29.3,1.92,1.23,370.6,WARNING
2026-04-01 05:55:00,7.53,28.8,1.83,1.03,383.3,WARNING
2026-04-01 05:55:30,7.45,27.5,1.56,1.1,400.5,WARNING
2026-04-01 05:56:00,7.34,30.3,2.01,1.03,369.0,WARNING
2026-04-01 05:56:30,7.23,28.9,1.73,1.18,394.2,WARNING
2026-04-01 05:57:00,7.44,30.1,1.61,1.13,401.8,WARNING
2026-04-01 05:57:30,7.53,28.6,1.74,1.04,373.7,WARNING
2026-04-01 05:58:00,7.41,29.1,1.88,0.58,409.9,SAFE
2026-04-01 05:58:30,7.41,28.1,1.65,1.29,411.5,WARNING
2026-04-01 05:59:00,7.52,29.5,1.65,4.12,414.8,WARNING
2026-04-01 05:59:30,7.29,29.5,1.73,0.82,387.2,SAFE
2026-04-01 06:00:00,7.38,28.9,2.0,1.21,405.6,WARNING
2026-04-01 06:00:30,7.3,28.7,1.89,0.91,368.0,SAFE
2026-04-01 06:01:00,7.4,29.3,1.98,1.08,395.0,WARNING
2026-04-01 06:01:30,7.39,29.7,2.0,1.19,404.0,WARNING
2026-04-01 06:02:00,7.33,29.0,2.29,1.34,397.6,WARNING
2026-04-01 06:02:30,7.35,28.8,2.03,1.11,390.8,WARNING
2026-04-01 06:03:00,7.01,28.9,2.01,1.01,395.1,WARNING
2026-04-01 06:03:30,7.36,29.7,1.85,1.16,416.1,WARNING
2026-04-01 06:04:00,7.32,28.6,1.81,1.25,334.9,WARNING
2026-04-01 06:04:30,7.26,29.0,2.1,0.93,398.9,SAFE
2026-04-01 06:05:00,7.28,29.5,2.03,1.02,404.7,WARNING
2026-04-01 06:05:30,7.33,28.6,1.96,0.97,411.3,SAFE
2026-04-01 06:06:00,7.37,28.3,2.21,1.18,402.1,WARNING
2026-04-01 06:06:30,7.28,29.5,1.97,1.31,412.8,WARNING
2026-04-01 06:07:00,7.2,29.0,2.25,1.11,418.5,WARNING
2026-04-01 06:07:30,6.96,28.8,2.05,1.16,402.7,WARNING
2026-04-01 06:08:00,7.19,28.1,2.6,1.04,395.6,WARNING
2026-04-01 06:08:30,7.21,29.7,2.16,1.08,402.2,WARNING
2026-04-01 06:09:00,7.16,28.9,2.3,0.72,381.9,WARNING
2026-04-01 06:09:30,7.27,27.9,2.3,1.05,365.0,WARNING
2026-04-01 06:10:00,7.34,28.6,2.47,1.02,369.1,WARNING
2026-04-01 06:10:30,7.24,29.1,2.33,1.37,379.4,WARNING
2026-04-01 06:11:00,7.25,29.3,2.26,1.07,410.5,WARNING
2026-04-01 06:11:30,7.1,28.8,2.34,1.28,373.2,WARNING
2026-04-01 06:12:00,7.33,29.2,2.02,1.12,380.2,WARNING
2026-04-01 06:12:30,7.3,28.2,2.55,1.24,394.1,WARNING
2026-04-01 06:13:00,7.32,29.5,1.99,1.0,402.8,SAFE
2026-04-01 06:13:30,7.27,29.1,2.13,1.21,399.9,WARNING
2026-04-01 06:14:00,7.5,29.5,2.46,1.3,391.4,WARNING
2026-04-01 06:14:30,7.16,29.1,2.21,1.09,363.2,WARNING
2026-04-01 06:15:00,7.26,29.0,2.35,1.0,397.8,SAFE
2026-04-01 06:15:30,7.53,29.6,2.5,0.98,376.6,SAFE
2026-04-01 06:16:00,7.31,28.3,2.23,1.3,405.8,WARNING
2026-04-01 06:16:30,7.39,28.5,2.42,0.94,406.4,SAFE
2026-04-01 06:17:00,7.22,29.3,2.2,1.43,383.0,WARNING
2026-04-01 06:17:30,7.17,29.1,2.06,0.89,396.7,WARNING
2026-04-01 06:18:00,7.16,28.1,2.4,1.23,369.4,WARNING
2026-04-01 06:18:30,7.31,28.2,2.23,1.01,373.8,WARNING
2026-04-01 06:19:00,7.19,29.1,2.2,1.37,399.2,WARNING
2026-04-01 06:19:30,7.23,29.4,2.1,1.38,422.8,WARNING
2026-04-01 06:20:00,7.31,29.8,2.34,1.39,410.0,WARNING
2026-04-01 06:20:30,7.27,29.4,2.11,1.32,353.1,WARNING
2026-04-01 06:21:00,7.39,29.7,2.15,1.21,393.2,WARNING
2026-04-01 06:21:30,7.32,29.0,2.21,1.3,368.9,WARNING
2026-04-01 06:22:00,7.27,29.2,2.2,0.96,371.7,SAFE
2026-04-01 06:22:30,7.39,29.3,2.11,1.15,422.0,WARNING
2026-04-01 06:23:00,7.39,29.3,2.2,0.83,406.5,SAFE
2026-04-01 06:23:30,7.18,28.9,2.11,1.08,403.1,WARNING
2026-04-01 06:24:00,7.28,28.6,1.97,1.33,382.4,WARNING
2026-04-01 06:24:30,7.25,27.5,2.28,0.81,369.4,SAFE
2026-04-01 06:25:00,7.32,29.6,2.12,0.66,378.4,SAFE
2026-04-01 06:25:30,7.33,28.5,2.08,1.06,398.3,WARNING
2026-04-01 06:26:00,7.55,29.0,1.7,1.24,379.4,WARNING
2026-04-01 06:26:30,7.35,27.7,2.27,1.27,379.9,WARNING
2026-04-01 06:27:00,7.28,28.7,1.71,1.04,423.8,WARNING
2026-04-01 06:27:30,7.3,29.6,2.14,1.43,411.6,WARNING
2026-04-01 06:28:00,7.31,28.9,1.95,1.0,397.8,SAFE
2026-04-01 06:28:30,7.4,29.2,1.9,1.09,382.2,WARNING
2026-04-01 06:29:00,7.18,28.8,2.23,0.86,397.2,WARNING
2026-04-01 06:29:30,7.4,28.3,2.02,1.25,407.7,WARNING
2026-04-01 06:30:00,7.59,29.3,2.18,0.97,379.4,SAFE
2026-04-01 06:30:30,7.27,29.4,1.86,1.27,418.3,WARNING
2026-04-01 06:31:00,7.36,27.9,1.99,1.07,392.5,WARNING
2026-04-01 06:31:30,7.33,29.1,1.92,1.25,397.3,WARNING
2026-04-01 06:32:00,7.33,28.9,1.75,1.31,358.9,WARNING
2026-04-01 06:32:30,7.39,28.3,1.81,1.1,402.7,WARNING
2026-04-01 06:33:00,7.36,28.3,1.86,0.79,427.8,SAFE
2026-04-01 06:33:30,7.56,29.0,2.07,1.12,375.5,WARNING
2026-04-01 06:34:00,7.63,29.4,1.75,1.21,421.0,WARNING
2026-04-01 06:34:30,7.46,29.0,1.7,0.83,431.0,SAFE
2026-04-01 06:35:00,7.37,28.9,1.87,0.88,413.0,SAFE
2026-04-01 06:35:30,7.42,28.6,1.63,1.31,407.0,WARNING
2026-04-01 06:36:00,7.43,29.1,1.79,1.15,398.4,WARNING
2026-04-01 06:36:30,7.45,28.4,1.58,1.1,368.8,WARNING
2026-04-01 06:37:00,7.48,28.9,1.98,0.99,382.2,SAFE
2026-04-01 06:37:30,7.4,28.1,1.6,1.24,383.2,WARNING
2026-04-01 06:38:00,7.44,28.8,1.76,1.13,390.2,WARNING
2026-04-01 06:38:30,7.5,29.0,1.81,0.79,397.9,SAFE
2026-04-01 06:39:00,7.53,29.2,1.65,0.97,388.4,SAFE
2026-04-01 06:39:30,7.48,29.5,1.94,1.08,392.7,WARNING
2026-04-01 06:40:00,7.5,29.3,2.11,0.94,396.1,SAFE
2026-04-01 06:40:30,7.49,28.0,1.66,1.07,374.3,WARNING
2026-04-01 06:41:00,7.27,29.1,1.78,1.11,379.3,WARNING
2026-04-01 06:41:30,7.39,29.6,1.73,1.02,377.0,WARNING
2026-04-01 06:42:00,7.67,29.2,1.63,0.73,406.1,SAFE
2026-04-01 06:42:30,7.42,29.0,1.63,1.03,401.2,WARNING
2026-04-01 06:43:00,7.68,28.5,1.77,1.1,392.4,WARNING
2026-04-01 06:43:30,7.42,29.6,1.65,0.94,415.4,SAFE
2026-04-01 06:44:00,7.47,28.8,1.92,1.26,362.7,WARNING
2026-04-01 06:44:30,7.53,29.5,2.13,1.13,375.4,WARNING
2026-04-01 06:45:00,7.57,28.8,1.99,1.21,380.0,WARNING
2026-04-01 06:45:30,7.54,29.2,1.61,1.06,378.3,WARNING
2026-04-01 06:46:00,7.43,30.4,1.92,1.19,407.6,WARNING
2026-04-01 06:46:30,7.47,29.8,2.25,1.17,438.3,WARNING
2026-04-01 06:47:00,7.67,28.2,2.05,1.27,428.6,WARNING
2026-04-01 06:47:30,7.56,28.8,2.27,0.99,365.7,SAFE
2026-04-01 06:48:00,7.61,29.3,1.92,1.0,366.4,SAFE
2026-04-01 06:48:30,7.49,28.7,2.03,0.78,437.4,SAFE
2026-04-01 06:49:00,7.5,29.5,2.15,1.19,383.8,WARNING
2026-04-01 06:49:30,7.54,29.1,2.0,0.84,411.4,SAFE
2026-04-01 06:50:00,7.84,29.6,1.97,1.25,419.2,WARNING
2026-04-01 06:50:30,7.65,28.4,1.86,0.98,410.1,SAFE
2026-04-01 06:51:00,7.66,29.4,2.44,1.19,419.3,WARNING
2026-04-01 06:51:30,7.66,28.6,1.95,0.81,378.6,SAFE
2026-04-01 06:52:00,7.59,29.6,2.24,1.26,412.2,WARNING
2026-04-01 06:52:30,7.64,28.4,2.28,1.08,379.9,WARNING
2026-04-01 06:53:00,7.52,28.5,2.22,1.35,391.7,WARNING
2026-04-01 06:53:30,7.6,28.6,2.48,1.07,407.7,WARNING
2026-04-01 06:54:00,7.5,29.0,2.45,1.15,364.7,WARNING
2026-04-01 06:54:30,7.45,28.5,2.38,1.16,420.8,WARNING
2026-04-01 06:55:00,7.58,28.5,2.23,0.95,405.6,SAFE
2026-04-01 06:55:30,7.56,28.7,2.26,0.89,405.5,SAFE
2026-04-01 06:56:00,7.58,28.0,2.27,3.6,391.4,WARNING
2026-04-01 06:56:30,7.44,27.8,2.33,1.19,404.0,WARNING
2026-04-01 06:57:00,7.66,29.5,2.21,0.78,360.8,SAFE
2026-04-01 06:57:30,7.64,28.8,2.35,0.97,397.8,SAFE
2026-04-01 06:58:00,7.62,28.8,1.97,0.85,387.2,SAFE
2026-04-01 06:58:30,7.53,29.7,2.16,1.08,425.8,WARNING
2026-04-01 06:59:00,7.6,28.7,2.3,1.48,409.1,WARNING
2026-04-01 06:59:30,7.6,28.6,2.23,1.24,393.9,WARNING
2026-04-01 07:00:00,7.57,28.9,2.26,0.9,370.3,SAFE
2026-04-01 07:00:30,7.59,27.8,2.33,1.32,367.4,WARNING
2026-04-01 07:01:00,7.64,29.1,2.21,1.14,359.1,WARNING
2026-04-01 07:01:30,7.55,29.0,2.23,1.11,408.8,WARNING
2026-04-01 07:02:00,7.59,29.0,2.41,1.02,386.4,WARNING
2026-04-01 07:02:30,7.59,28.6,2.4,0.98,376.0,SAFE
2026-04-01 07:03:00,7.66,29.2,2.1,1.03,415.5,WARNING
2026-04-01 07:03:30,7.65,28.8,2.33,0.81,388.5,SAFE
2026-04-01 07:04:00,7.75,28.2,2.28,1.18,403.8,WARNING
2026-04-01 07:04:30,7.61,28.8,2.11,1.02,374.4,WARNING
2026-04-01 07:05:00,7.75,29.0,2.28,1.08,403.3,WARNING
2026-04-01 07:05:30,7.62,28.2,2.18,1.37,417.1,WARNING
2026-04-01 07:06:00,7.78,28.2,2.12,0.93,396.2,SAFE
2026-04-01 07:06:30,7.78,29.2,2.01,1.3,385.3,WARNING
2026-04-01 07:07:00,7.75,29.1,2.11,0.99,389.5,SAFE
2026-04-01 07:07:30,7.65,28.6,2.32,1.23,354.3,WARNING
2026-04-01 07:08:00,7.77,29.5,2.06,1.23,399.6,WARNING
2026-04-01 07:08:30,7.59,29.1,1.98,1.39,372.8,WARNING
2026-04-01 07:09:00,7.65,28.2,1.92,1.13,353.1,WARNING
2026-04-01 07:09:30,7.73,29.7,2.07,1.25,398.2,WARNING
2026-04-01 07:10:00,7.69,29.0,1.88,0.75,392.4,SAFE
2026-04-01 07:10:30,7.67,28.8,2.06,1.06,410.4,WARNING
2026-04-01 07:11:00,7.67,28.7,1.99,1.02,372.2,WARNING
2026-04-01 07:11:30,7.58,28.1,1.81,0.98,414.2,SAFE
2026-04-01 07:12:00,7.51,28.9,1.83,1.21,422.8,WARNING
2026-04-01 07:12:30,7.78,28.5,1.9,5.45,447.0,CRITICAL
2026-04-01 07:13:00,7.61,28.3,1.67,1.3,370.2,WARNING
2026-04-01 07:13:30,7.59,29.9,1.94,1.51,406.3,WARNING
2026-04-01 07:14:00,7.77,28.6,1.67,1.19,426.0,WARNING
2026-04-01 07:14:30,7.74,28.5,1.8,1.1,412.4,WARNING
2026-04-01 07:15:00,7.63,28.3,1.7,1.25,437.3,WARNING
2026-04-01 07:15:30,7.58,29.0,1.83,1.1,386.3,WARNING
2026-04-01 07:16:00,7.59,28.7,1.62,0.71,397.1,SAFE
2026-04-01 07:16:30,7.65,28.4,1.57,1.43,404.8,WARNING
2026-04-01 07:17:00,7.54,29.4,1.65,0.56,366.5,SAFE
2026-04-01 07:17:30,7.63,29.3,1.82,1.33,362.1,WARNING
2026-04-01 07:18:00,7.58,29.0,1.75,1.2,406.7,WARNING
2026-04-01 07:18:30,7.76,28.7,1.64,0.85,389.4,SAFE
2026-04-01 07:19:00,7.6,29.3,1.83,1.46,398.8,WARNING
2026-04-01 07:19:30,7.57,28.3,1.88,1.07,390.4,WARNING
2026-04-01 07:20:00,7.57,29.0,1.69,0.75,395.9,SAFE
2026-04-01 07:20:30,7.64,28.2,1.8,0.94,404.3,SAFE
2026-04-01 07:21:00,7.66,28.5,1.76,1.17,391.0,WARNING
2026-04-01 07:21:30,7.7,28.1,1.84,1.26,385.8,WARNING
2026-04-01 07:22:00,7.7,27.4,1.87,0.76,432.4,SAFE
2026-04-01 07:22:30,7.67,28.2,1.92,1.08,419.5,WARNING
2026-04-01 07:23:00,7.47,28.4,1.93,1.1,389.1,WARNING
2026-04-01 07:23:30,7.57,28.9,1.79,1.11,367.4,WARNING
2026-04-01 07:24:00,7.4,28.6,1.91,1.25,400.2,WARNING
2026-04-01 07:24:30,7.54,29.2,1.46,0.98,453.4,SAFE
2026-04-01 07:25:00,7.53,28.2,1.86,1.37,394.0,WARNING
2026-04-01 07:25:30,7.53,29.1,1.68,0.99,367.1,SAFE
2026-04-01 07:26:00,7.47,29.4,1.68,1.07,373.3,WARNING
2026-04-01 07:26:30,7.63,28.8,2.19,1.03,382.0,WARNING
2026-04-01 07:27:00,7.57,28.8,1.9,1.06,356.6,WARNING
2026-04-01 07:27:30,7.74,29.1,1.84,0.95,434.9,SAFE
2026-04-01 07:28:00,7.39,28.9,2.07,1.19,404.2,WARNING
2026-04-01 07:28:30,7.47,29.0,2.02,1.22,358.9,WARNING
2026-04-01 07:29:00,7.65,28.6,1.87,0.98,390.6,SAFE
2026-04-01 07:29:30,7.34,27.6,1.84,5.02,389.3,CRITICAL
2026-04-01 07:30:00,7.54,28.6,2.06,1.04,384.4,WARNING
2026-04-01 07:30:30,7.5,28.9,1.91,1.72,402.6,WARNING
2026-04-01 07:31:00,7.45,28.9,2.15,1.26,396.6,WARNING
2026-04-01 07:31:30,7.45,28.3,1.91,0.92,403.7,SAFE
2026-04-01 07:32:00,7.39,28.0,2.26,0.97,397.5,SAFE
2026-04-01 07:32:30,7.34,29.1,1.93,0.96,436.4,SAFE
2026-04-01 07:33:00,7.71,28.0,2.1,1.14,410.9,WARNING
2026-04-01 07:33:30,7.46,28.4,1.98,0.67,402.4,SAFE
2026-04-01 07:34:00,7.29,29.2,2.3,1.12,394.8,WARNING
2026-04-01 07:34:30,7.24,29.8,2.23,1.48,391.7,WARNING
2026-04-01 07:35:00,7.45,28.7,2.23,0.99,407.2,SAFE
2026-04-01 07:35:30,7.43,28.5,2.21,1.49,353.5,WARNING
2026-04-01 07:36:00,7.51,28.8,2.24,0.64,419.0,SAFE
2026-04-01 07:36:30,7.41,29.5,2.15,1.12,380.5,WARNING
2026-04-01 07:37:00,7.21,29.6,2.27,0.94,397.6,SAFE
2026-04-01 07:37:30,7.27,28.9,2.48,1.48,378.0,WARNING
2026-04-01 07:38:00,7.4,27.9,2.36,1.24,400.6,WARNING
2026-04-01 07:38:30,7.18,28.6,2.53,1.24,374.8,WARNING
2026-04-01 07:39:00,7.55,28.0,2.08,1.04,455.5,WARNING
2026-04-01 07:39:30,7.26,28.3,2.24,0.93,409.5,SAFE
2026-04-01 07:40:00,7.51,28.3,2.2,0.61,390.9,SAFE
2026-04-01 07:40:30,7.47,28.5,2.52,0.83,393.4,SAFE
2026-04-01 07:41:00,7.36,28.7,2.22,0.92,384.3,SAFE
2026-04-01 07:41:30,7.37,28.9,2.19,1.2,432.3,WARNING
2026-04-01 07:42:00,7.2,29.2,2.34,0.9,410.4,SAFE
2026-04-01 07:42:30,7.18,28.0,2.57,1.08,363.2,WARNING
2026-04-01 07:43:00,7.3,29.1,2.11,0.82,406.0,SAFE
2026-04-01 07:43:30,7.16,29.3,2.47,0.61,403.2,WARNING
2026-04-01 07:44:00,7.31,29.8,2.0,0.97,393.4,SAFE
2026-04-01 07:44:30,7.48,27.3,2.15,1.13,406.4,WARNING
2026-04-01 07:45:00,7.32,28.7,2.03,0.9,409.9,SAFE
2026-04-01 07:45:30,7.43,28.2,2.29,1.14,375.7,WARNING
2026-04-01 07:46:00,7.36,28.7,2.4,0.78,420.6,SAFE
2026-04-01 07:46:30,7.2,29.0,2.11,1.07,386.2,WARNING
2026-04-01 07:47:00,7.32,30.2,2.09,1.37,421.9,WARNING
2026-04-01 07:47:30,7.16,29.9,2.31,1.05,388.9,WARNING
2026-04-01 07:48:00,7.29,29.4,2.32,1.24,363.6,WARNING
2026-04-01 07:48:30,7.3,28.0,2.16,1.25,386.4,WARNING
2026-04-01 07:49:00,7.29,28.9,2.4,0.91,380.7,SAFE
2026-04-01 07:49:30,7.28,29.8,1.91,1.23,412.9,WARNING
2026-04-01 07:50:00,7.31,28.4,2.09,1.47,410.7,WARNING
2026-04-01 07:50:30,7.32,27.7,1.98,1.16,372.9,WARNING
2026-04-01 07:51:00,7.3,29.0,2.2,1.35,436.8,WARNING
2026-04-01 07:51:30,7.43,28.9,1.94,1.21,412.0,WARNING
2026-04-01 07:52:00,7.15,29.2,2.05,0.86,420.0,WARNING
2026-04-01 07:52:30,7.32,28.1,1.81,0.97,376.4,SAFE
2026-04-01 07:53:00,7.21,28.0,1.68,1.0,395.8,SAFE
2026-04-01 07:53:30,7.29,28.9,2.11,1.13,436.1,WARNING
2026-04-01 07:54:00,7.3,29.1,2.06,1.08,446.8,WARNING
2026-04-01 07:54:30,7.24,28.6,1.92,0.99,400.0,SAFE
2026-04-01 07:55:00,7.23,28.7,1.78,0.72,407.0,SAFE
2026-04-01 07:55:30,7.13,28.3,1.87,0.96,400.0,WARNING
2026-04-01 07:56:00,7.34,29.0,1.97,1.3,441.0,WARNING
2026-04-01 07:56:30,7.28,28.5,1.77,0.66,397.1,SAFE
2026-04-01 07:57:00,7.14,29.1,1.93,1.18,403.8,WARNING
2026-04-01 07:57:30,7.28,29.5,1.95,1.41,406.6,WARNING
2026-04-01 07:58:00,7.33,29.9,1.65,1.1,380.3,WARNING
2026-04-01 07:58:30,7.36,29.3,1.7,1.04,407.7,WARNING
2026-04-01 07:59:00,7.29,29.0,1.64,1.45,371.4,WARNING
2026-04-01 07:59:30,7.14,28.3,1.95,1.12,387.4,WARNING
2026-04-01 08:00:00,7.44,28.8,1.55,0.97,402.3,SAFE
2026-04-01 08:00:30,7.35,28.7,1.75,1.19,401.9,WARNING
2026-04-01 08:01:00,7.27,29.0,1.98,1.61,401.6,WARNING
2026-04-01 08:01:30,7.23,28.3,1.77,1.21,382.4,WARNING
2026-04-01 08:02:00,7.1,28.5,1.56,1.18,417.8,WARNING
2026-04-01 08:02:30,7.34,28.1,1.6,0.8,387.9,SAFE
2026-04-01 08:03:00,7.38,28.3,1.8,0.86,427.6,SAFE
2026-04-01 08:03:30,7.41,28.3,1.96,0.94,391.9,SAFE
2026-04-01 08:04:00,7.48,28.7,1.59,1.27,418.8,WARNING
2026-04-01 08:04:30,7.31,28.4,1.89,0.68,394.1,SAFE
2026-04-01 08:05:00,7.53,29.3,1.7,0.82,381.5,SAFE
2026-04-01 08:05:30,7.38,28.2,1.84,0.81,389.5,SAFE
2026-04-01 08:06:00,7.33,27.8,1.49,1.28,428.6,WARNING
2026-04-01 08:06:30,7.43,28.4,1.77,1.25,358.5,WARNING
2026-04-01 08:07:00,7.28,28.0,2.14,0.92,416.3,SAFE
2026-04-01 08:07:30,7.15,28.5,2.11,1.37,394.1,WARNING
2026-04-01 08:08:00,7.37,29.2,1.68,1.1,418.6,WARNING
2026-04-01 08:08:30,7.27,28.1,2.0,0.75,365.3,SAFE
2026-04-01 08:09:00,7.3,28.4,1.65,3.89,371.7,WARNING
2026-04-01 08:09:30,7.35,28.0,2.04,0.87,428.6,SAFE
2026-04-01 08:10:00,7.36,28.5,1.9,0.97,386.9,SAFE
2026-04-01 08:10:30,7.2,28.9,1.79,1.11,373.0,WARNING
2026-04-01 08:11:00,7.5,28.5,2.13,1.1,363.0,WARNING
2026-04-01 08:11:30,7.39,28.6,2.12,1.27,384.4,WARNING
2026-04-01 08:12:00,7.34,28.8,1.97,0.61,417.4,SAFE
2026-04-01 08:12:30,7.46,27.5,1.85,1.06,378.2,WARNING
2026-04-01 08:13:00,7.48,29.3,1.95,1.21,407.1,WARNING
2026-04-01 08:13:30,7.27,29.3,1.93,1.63,403.0,WARNING
2026-04-01 08:14:00,7.17,28.4,2.29,0.84,389.2,WARNING
2026-04-01 08:14:30,7.44,28.1,1.96,1.07,403.2,WARNING
2026-04-01 08:15:00,7.42,28.3,2.14,1.3,391.4,WARNING
2026-04-01 08:15:30,7.34,28.8,2.09,1.02,398.7,WARNING
2026-04-01 08:16:00,7.4,29.1,1.98,1.12,413.2,WARNING
2026-04-01 08:16:30,7.33,29.1,2.28,0.9,411.0,SAFE
2026-04-01 08:17:00,7.4,29.3,2.17,1.4,406.0,WARNING
2026-04-01 08:17:30,7.36,29.1,2.09,1.04,385.3,WARNING
2026-04-01 08:18:00,7.3,28.5,2.38,1.33,399.5,WARNING
2026-04-01 08:18:30,7.58,29.0,2.15,1.09,397.6,WARNING
2026-04-01 08:19:00,7.58,28.5,2.08,1.23,393.9,WARNING
2026-04-01 08:19:30,7.38,29.4,2.61,1.35,396.8,WARNING
